logP_scaled,tPSA_scaled,QED_scaled
-0.14392971246006378,2.136645962732919,0.7239142161301734
0.14392971246006378,0.05393122254203913,-0.45969481742591084
1.7855271565495225,-1.539766702014847,0.45969481742591084
-1.3508945686900955,-0.05393122254203956,-0.5179168793143607
